metadata_identifier, metadata_title, is_harvested, thesaurus_title, thesaurus_type, gcmd_keyword
ASAC_40_AA1112V4, "The role of Antarctic marine protists in trophodynamics and global change and the impact of UV-B on these organisms - Voyage 4, Aurora Australis 2011/2012 samples", True, "NASA/GCMD Earth Science Keywords", place, "GEOGRAPHIC REGION > POLAR"
ASAC_2163, "The dispersal of benthic marine invertebrates by kelp rafts in the Southern Ocean", True, "NASA/GCMD Earth Science Keywords", place, "CAML > CENSUS OF ANTARCTIC MARINE LIFE"
ASAC_2396, "Limnological and nearshore diatom communities of Heard Island: proxies of subantarctic climate change?", True, "NASA/GCMD Earth Science Keywords", place, "CEOS"
AAS_4124_CEAMARC_FoodAvailabilityMertzGlacierTongue, "Environmental data layers for a 5 year period before and after the calving of the Mertz Glacier Tongue", True, "NASA/GCMD Earth Science Keywords", place, "GEOGRAPHIC REGION > POLAR"
ASAC_40_AA1011VMS, "The role of Antarctic marine protists in trophodynamics and global change and the impact of UV-B on these organisms - Voyage VMS, Aurora Australis 2010/2011 samples", True, "NASA/GCMD Earth Science Keywords", place, "EARTH SCIENCE > BIOSPHERE > ECOSYSTEMS > AQUATIC ECOSYSTEMS > PLANKTON > PHYTOPLANKTON"
Windmill_Palaeoenvironment, "Windmill Islands lake and shallow marine sediment cores (ASAC1071; 1998/99 summer)", True, "NASA/GCMD Earth Science Keywords", place, "GEOGRAPHIC REGION > POLAR"
TAGS_Leopard_Seals, "Subset of data from the TAGS database of known age seals - Leopard Seals", True, "NASA/GCMD Earth Science Keywords", place, "COML > CENSUS OF MARINE LIFE"
BANZARE_logs, "BANZARE ship logs and station lists", True, "NASA/GCMD Earth Science Keywords", place, "SCAR-MARBIN > SCAR Marine Biodiversity Information Network"
ASAC_40_AS0203R4, "Role of Antarctic marine protists in trophodynamics and global change and impact of UV-B on these organisms - Rotation 4 of the Astrolabe - 2002/2003 samples", True, "NASA/GCMD Earth Science Keywords", place, "CEOS"
ASAC_40_AA0708V6, "The role of Antarctic marine protists in trophodynamics and global change and the impact of UV-B on these organisms - Voyage 6, Aurora Australis 2007/2008 samples", True, "NASA/GCMD Earth Science Keywords", place, "SHIPS"
TAGS_Leopard_Seals, "Subset of data from the TAGS database of known age seals - Leopard Seals", True, "NASA/GCMD Earth Science Keywords", place, "CEOS"
Orcas_observations_MI, "Orca observations on Macquarie Island", True, "NASA/GCMD Earth Science Keywords", place, "AMD/AU"
antarctic_biodiversity_db, "Antarctic Biodiversity Database", True, "NASA/GCMD Earth Science Keywords", place, "GEOGRAPHIC REGION > POLAR"
Orcas_observations_MI, "Orca observations on Macquarie Island", True, "NASA/GCMD Earth Science Keywords", place, "OCEAN > SOUTHERN OCEAN > MACQUARIE ISLAND"
ASAC_40_AA0708V6, "The role of Antarctic marine protists in trophodynamics and global change and the impact of UV-B on these organisms - Voyage 6, Aurora Australis 2007/2008 samples", True, "NASA/GCMD Earth Science Keywords", place, "FLUOROMETERS"
davis_water_salinity_density_1982, "Water Salinity and Density Results From Davis, 1982", True, "NASA/GCMD Earth Science Keywords", place, "EARTH SCIENCE > OCEANS > SALINITY/DENSITY > SALINITY"
ASAC_2163, "The dispersal of benthic marine invertebrates by kelp rafts in the Southern Ocean", True, "NASA/GCMD Earth Science Keywords", place, "EARTH SCIENCE > BIOSPHERE > ECOLOGICAL DYNAMICS > SPECIES/POPULATION INTERACTIONS > SURVIVAL RATES"
AAS_3134_Sterechinus, "Vulnerability of Antarctic marine benthos to increased temperatures and ocean acidification associated with climate change", True, "NASA/GCMD Earth Science Keywords", place, "FIELD SURVEYS"
ASAC_2396, "Limnological and nearshore diatom communities of Heard Island: proxies of subantarctic climate change?", True, "NASA/GCMD Earth Science Keywords", place, "EARTH SCIENCE > BIOSPHERE > ECOLOGICAL DYNAMICS > COMMUNITY DYNAMICS > COMMUNITY STRUCTURE"
ASAC_1250, "Krill flux, acoustic methodology and penguin foraging - an integrated study.", True, "NASA/GCMD Earth Science Keywords", place, "OCEAN > SOUTHERN OCEAN"
ASAC_40_AA1112V4, "The role of Antarctic marine protists in trophodynamics and global change and the impact of UV-B on these organisms - Voyage 4, Aurora Australis 2011/2012 samples", True, "NASA/GCMD Earth Science Keywords", place, "EARTH SCIENCE > OCEANS > OCEAN CHEMISTRY > PIGMENTS > CHLOROPHYLL"
CEAMARC_Diatom_Abundance, "Diatom abundance from CEAMARC coretop samples", True, "NASA/GCMD Earth Science Keywords", place, "MICROSCOPES"
Seabirds_AAT, "Distribution and abundance of breeding seabirds in the AAT", True, "NASA/GCMD Earth Science Keywords", place, "FIELD SURVEYS"
AAS_3134_Sterechinus, "Vulnerability of Antarctic marine benthos to increased temperatures and ocean acidification associated with climate change", True, "NASA/GCMD Earth Science Keywords", place, "AMD/AU"
AADC-00048, "Weddell Seals of the Vestfold Hills Antarctica", True, "NASA/GCMD Earth Science Keywords", place, "SCAR-MARBIN > SCAR Marine Biodiversity Information Network"
ANARE_Whale_log, "Whale log - observations from ANARE voyages", True, "NASA/GCMD Earth Science Keywords", place, "COML > CENSUS OF MARINE LIFE"
Orcas_observations_MI, "Orca observations on Macquarie Island", True, "NASA/GCMD Earth Science Keywords", place, "CEOS"
ANARE_Whale_log, "Whale log - observations from ANARE voyages", True, "NASA/GCMD Earth Science Keywords", place, "CEOS"
ASAC_413, "Ocean Drilling Program Participation", True, "NASA/GCMD Earth Science Keywords", place, "EARTH SCIENCE > PALEOCLIMATE > OCEAN/LAKE RECORDS > STRATIGRAPHIC SEQUENCE"
ASAC_1250, "Krill flux, acoustic methodology and penguin foraging - an integrated study.", True, "NASA/GCMD Earth Science Keywords", place, "CCAMLR > Commission for the Conservation of Antarctic Marine Living Resources"
AAS_3134_XRD, "Vulnerability of Antarctic marine benthos to increased temperatures and ocean acidification associated with climate change - x-ray diffractometry of sea urchin skeletons", True, "NASA/GCMD Earth Science Keywords", place, "AMD"
AADC-00038, "Inshore Marine Fish of the Vestfold Hills Antarctica, 1983-1984", True, "NASA/GCMD Earth Science Keywords", place, "AMD"
ASAC_2364, "Response of antarctic marine diatoms to environment modification", True, "NASA/GCMD Earth Science Keywords", place, "ACE/CRC"
ASAC_2396, "Limnological and nearshore diatom communities of Heard Island: proxies of subantarctic climate change?", True, "NASA/GCMD Earth Science Keywords", place, "WATER BOTTLES"
AAS_4333_core_logs, "Visual logs of piston cores Sabrina Seafloor Survey (IN2017-V01)", True, "NASA/GCMD Earth Science Keywords", place, "OCEAN > SOUTHERN OCEAN"
BANZARE_logs, "BANZARE ship logs and station lists", True, "NASA/GCMD Earth Science Keywords", place, "SHIPS"
royals_macca_1952, "Royal penguin Eudyptes schlegeli observations at North Head, Macquarie Island 1952/53", True, "NASA/GCMD Earth Science Keywords", place, "VISUAL OBSERVATIONS"
AAS_3134_XRD, "Vulnerability of Antarctic marine benthos to increased temperatures and ocean acidification associated with climate change - x-ray diffractometry of sea urchin skeletons", True, "NASA/GCMD Earth Science Keywords", place, "CONTINENT > ANTARCTICA"
BANZARE_logs, "BANZARE ship logs and station lists", True, "NASA/GCMD Earth Science Keywords", place, "EARTH SCIENCE > HUMAN DIMENSIONS > INFRASTRUCTURE > TRANSPORTATION"
Tags_heard_1949, "Elephant Seal Sightings, Heard Island (1949 to 1960)", True, "NASA/GCMD Earth Science Keywords", place, "EARTH SCIENCE > BIOSPHERE > ECOLOGICAL DYNAMICS > SPECIES/POPULATION INTERACTIONS > SPECIES LIFE HISTORY"
Seawater-salinity-Casey03-04, "Salinity of marine waters around Casey station - Summer 2003/04", True, "NASA/GCMD Earth Science Keywords", place, "AMD"
Tags_heard_1949, "Elephant Seal Sightings, Heard Island (1949 to 1960)", True, "NASA/GCMD Earth Science Keywords", place, "COML > CENSUS OF MARINE LIFE"
davis_water_salinity_density_1982, "Water Salinity and Density Results From Davis, 1982", True, "NASA/GCMD Earth Science Keywords", place, "FIELD SURVEYS"
royals_macca_1952, "Royal penguin Eudyptes schlegeli observations at North Head, Macquarie Island 1952/53", True, "NASA/GCMD Earth Science Keywords", place, "EBA > Evolution and Biodiversity in the Antarctic"
AADC-00038, "Inshore Marine Fish of the Vestfold Hills Antarctica, 1983-1984", True, "NASA/GCMD Earth Science Keywords", place, "CONTINENT > ANTARCTICA"
Tags_heard_1949, "Elephant Seal Sightings, Heard Island (1949 to 1960)", True, "NASA/GCMD Earth Science Keywords", place, "CEOS"
ANARE_Whale_log, "Whale log - observations from ANARE voyages", True, "NASA/GCMD Earth Science Keywords", place, "EARTH SCIENCE > ATMOSPHERE > ATMOSPHERIC TEMPERATURE > SURFACE TEMPERATURE"
ASAC_2163, "The dispersal of benthic marine invertebrates by kelp rafts in the Southern Ocean", True, "NASA/GCMD Earth Science Keywords", place, "FIELD INVESTIGATION"
Seabirds_AAT, "Distribution and abundance of breeding seabirds in the AAT", True, "NASA/GCMD Earth Science Keywords", place, "OBIS > OCEAN BIOGEOGRAPHIC INFORMATION SYSTEM"
ANARE_Whale_log, "Whale log - observations from ANARE voyages", True, "NASA/GCMD Earth Science Keywords", place, "CONTINENT > ANTARCTICA"
ASAC_40_AS0203R4, "Role of Antarctic marine protists in trophodynamics and global change and impact of UV-B on these organisms - Rotation 4 of the Astrolabe - 2002/2003 samples", True, "NASA/GCMD Earth Science Keywords", place, "SHIPS"
davis_water_salinity_density_1982, "Water Salinity and Density Results From Davis, 1982", True, "NASA/GCMD Earth Science Keywords", place, "AMD/AU"
royals_macca_1952, "Royal penguin Eudyptes schlegeli observations at North Head, Macquarie Island 1952/53", True, "NASA/GCMD Earth Science Keywords", place, "GEOGRAPHIC REGION > POLAR"
CEAMARC_Diatom_Absolute_Abundance, "Absolute abundance of diatoms from CEAMARC cores", True, "NASA/GCMD Earth Science Keywords", place, "EARTH SCIENCE > OCEANS > MARINE SEDIMENTS > SEDIMENT COMPOSITION"
ASAC_40_AS0203R4, "Role of Antarctic marine protists in trophodynamics and global change and impact of UV-B on these organisms - Rotation 4 of the Astrolabe - 2002/2003 samples", True, "NASA/GCMD Earth Science Keywords", place, "FLUOROMETERS"
AADC-00048, "Weddell Seals of the Vestfold Hills Antarctica", True, "NASA/GCMD Earth Science Keywords", place, "EARTH SCIENCE > BIOLOGICAL CLASSIFICATION > ANIMALS/VERTEBRATES > MAMMALS"
AAS_4333_core_logs, "Visual logs of piston cores Sabrina Seafloor Survey (IN2017-V01)", True, "NASA/GCMD Earth Science Keywords", place, "EARTH SCIENCE > CLIMATE INDICATORS > PALEOCLIMATE INDICATORS > OCEAN/LAKE RECORDS > SEDIMENTS"
ASAC_1250, "Krill flux, acoustic methodology and penguin foraging - an integrated study.", True, "NASA/GCMD Earth Science Keywords", place, "GEOGRAPHIC REGION > POLAR"
ASAC_40_AA1112V4, "The role of Antarctic marine protists in trophodynamics and global change and the impact of UV-B on these organisms - Voyage 4, Aurora Australis 2011/2012 samples", True, "NASA/GCMD Earth Science Keywords", place, "AMD/AU"
AAS_4124_CEAMARC_FoodAvailabilityMertzGlacierTongue, "Environmental data layers for a 5 year period before and after the calving of the Mertz Glacier Tongue", True, "NASA/GCMD Earth Science Keywords", place, "AMD/AU"
ASAC_2163, "The dispersal of benthic marine invertebrates by kelp rafts in the Southern Ocean", True, "NASA/GCMD Earth Science Keywords", place, "COML > CENSUS OF MARINE LIFE"
AAS_3134_XRD, "Vulnerability of Antarctic marine benthos to increased temperatures and ocean acidification associated with climate change - x-ray diffractometry of sea urchin skeletons", True, "NASA/GCMD Earth Science Keywords", place, "OCEAN > SOUTHERN OCEAN"
ASAC_2163, "The dispersal of benthic marine invertebrates by kelp rafts in the Southern Ocean", True, "NASA/GCMD Earth Science Keywords", place, "CEOS"
ANARE_Whale_log, "Whale log - observations from ANARE voyages", True, "NASA/GCMD Earth Science Keywords", place, "EARTH SCIENCE > ATMOSPHERE > ATMOSPHERIC TEMPERATURE > SURFACE TEMPERATURE > AIR TEMPERATURE"
ANARE_Whale_log, "Whale log - observations from ANARE voyages", True, "NASA/GCMD Earth Science Keywords", place, "SHIPS"
AADC-00038, "Inshore Marine Fish of the Vestfold Hills Antarctica, 1983-1984", True, "NASA/GCMD Earth Science Keywords", place, "OCEAN > SOUTHERN OCEAN"
antarctic_biodiversity_db, "Antarctic Biodiversity Database", True, "NASA/GCMD Earth Science Keywords", place, "OCEAN > SOUTHERN OCEAN > MACQUARIE ISLAND"
IWC_Whale_catch, "Whale catches in the Southern Ocean, 1931-1980", True, "NASA/GCMD Earth Science Keywords", place, "OBIS > OCEAN BIOGEOGRAPHIC INFORMATION SYSTEM"
ASAC_40_AA1011VMS, "The role of Antarctic marine protists in trophodynamics and global change and the impact of UV-B on these organisms - Voyage VMS, Aurora Australis 2010/2011 samples", True, "NASA/GCMD Earth Science Keywords", place, "CEOS"
ASAC_1250, "Krill flux, acoustic methodology and penguin foraging - an integrated study.", True, "NASA/GCMD Earth Science Keywords", place, "EARTH SCIENCE > OCEANS > OCEAN ACOUSTICS > ACOUSTIC SCATTERING"
ASAC_40_AA1112V4, "The role of Antarctic marine protists in trophodynamics and global change and the impact of UV-B on these organisms - Voyage 4, Aurora Australis 2011/2012 samples", True, "NASA/GCMD Earth Science Keywords", place, "CEOS"
ASAC_2163, "The dispersal of benthic marine invertebrates by kelp rafts in the Southern Ocean", True, "NASA/GCMD Earth Science Keywords", place, "EARTH SCIENCE > BIOSPHERE > ECOLOGICAL DYNAMICS > COMMUNITY DYNAMICS > COMMUNITY STRUCTURE"
AAS_3134_XRD, "Vulnerability of Antarctic marine benthos to increased temperatures and ocean acidification associated with climate change - x-ray diffractometry of sea urchin skeletons", True, "NASA/GCMD Earth Science Keywords", place, "EARTH SCIENCE > BIOLOGICAL CLASSIFICATION > ANIMALS/INVERTEBRATES > ECHINODERMS > SEA URCHINS"
AAS_4124_CEAMARC_FoodAvailabilityMertzGlacierTongue, "Environmental data layers for a 5 year period before and after the calving of the Mertz Glacier Tongue", True, "NASA/GCMD Earth Science Keywords", place, "CEOS"
ASAC_40_AA1112V4, "The role of Antarctic marine protists in trophodynamics and global change and the impact of UV-B on these organisms - Voyage 4, Aurora Australis 2011/2012 samples", True, "NASA/GCMD Earth Science Keywords", place, "R/V AA > R/V Aurora Australis"
Windmill_Palaeoenvironment, "Windmill Islands lake and shallow marine sediment cores (ASAC1071; 1998/99 summer)", True, "NASA/GCMD Earth Science Keywords", place, "CEOS"
antarctic_biodiversity_db, "Antarctic Biodiversity Database", True, "NASA/GCMD Earth Science Keywords", place, "COML > CENSUS OF MARINE LIFE"
antarctic_biodiversity_db, "Antarctic Biodiversity Database", True, "NASA/GCMD Earth Science Keywords", place, "CEOS"
antarctic_biodiversity_db, "Antarctic Biodiversity Database", True, "NASA/GCMD Earth Science Keywords", place, "EARTH SCIENCE > BIOLOGICAL CLASSIFICATION > FUNGI > LICHENS"
ASAC_40_AA1011VMS, "The role of Antarctic marine protists in trophodynamics and global change and the impact of UV-B on these organisms - Voyage VMS, Aurora Australis 2010/2011 samples", True, "NASA/GCMD Earth Science Keywords", place, "AMD"
IWC_Whale_catch, "Whale catches in the Southern Ocean, 1931-1980", True, "NASA/GCMD Earth Science Keywords", place, "ANTABIF"
AAS_4333_core_logs, "Visual logs of piston cores Sabrina Seafloor Survey (IN2017-V01)", True, "NASA/GCMD Earth Science Keywords", place, "GEOGRAPHIC REGION > POLAR"
Seawater-salinity-Casey03-04, "Salinity of marine waters around Casey station - Summer 2003/04", True, "NASA/GCMD Earth Science Keywords", place, "OCEAN > SOUTHERN OCEAN"
Windmill_Palaeoenvironment, "Windmill Islands lake and shallow marine sediment cores (ASAC1071; 1998/99 summer)", True, "NASA/GCMD Earth Science Keywords", place, "AMD"
IWC_Whale_catch, "Whale catches in the Southern Ocean, 1931-1980", True, "NASA/GCMD Earth Science Keywords", place, "AMD"
BANZARE_logs, "BANZARE ship logs and station lists", True, "NASA/GCMD Earth Science Keywords", place, "IPY > INTERNATIONAL POLAR YEAR"
TAGS_Leopard_Seals, "Subset of data from the TAGS database of known age seals - Leopard Seals", True, "NASA/GCMD Earth Science Keywords", place, "VISUAL OBSERVATIONS"
ASAC_2364, "Response of antarctic marine diatoms to environment modification", True, "NASA/GCMD Earth Science Keywords", place, "PLANKTON NETS"
royals_macca_1952, "Royal penguin Eudyptes schlegeli observations at North Head, Macquarie Island 1952/53", True, "NASA/GCMD Earth Science Keywords", place, "EARTH SCIENCE > BIOLOGICAL CLASSIFICATION > ANIMALS/VERTEBRATES > BIRDS > PENGUINS"
ASAC_40_AA0708V6, "The role of Antarctic marine protists in trophodynamics and global change and the impact of UV-B on these organisms - Voyage 6, Aurora Australis 2007/2008 samples", True, "NASA/GCMD Earth Science Keywords", place, "NISKIN BOTTLES"
ASAC_1250, "Krill flux, acoustic methodology and penguin foraging - an integrated study.", True, "NASA/GCMD Earth Science Keywords", place, "EARTH SCIENCE > BIOLOGICAL CLASSIFICATION > ANIMALS/INVERTEBRATES > ARTHROPODS > CRUSTACEANS > EUPHAUSIIDS (KRILL)"
Tags_heard_1949, "Elephant Seal Sightings, Heard Island (1949 to 1960)", True, "NASA/GCMD Earth Science Keywords", place, "EARTH SCIENCE > BIOSPHERE > ECOLOGICAL DYNAMICS > SPECIES/POPULATION INTERACTIONS > POPULATION DYNAMICS"
REYNOLDS_MONTHLY_SST, "Reynolds-Smith V2 global monthly average sea surface temperatures", True, "NASA/GCMD Earth Science Keywords", place, "TEMPERATURE SENSORS"
IWC_Whale_catch, "Whale catches in the Southern Ocean, 1931-1980", True, "NASA/GCMD Earth Science Keywords", place, "OBIS/AADC"
AADC-00048, "Weddell Seals of the Vestfold Hills Antarctica", True, "NASA/GCMD Earth Science Keywords", place, "EARTH SCIENCE > BIOLOGICAL CLASSIFICATION > ANIMALS/VERTEBRATES"
AADC-00048, "Weddell Seals of the Vestfold Hills Antarctica", True, "NASA/GCMD Earth Science Keywords", place, "IPY > INTERNATIONAL POLAR YEAR"
ASAC_40_AA1112V4, "The role of Antarctic marine protists in trophodynamics and global change and the impact of UV-B on these organisms - Voyage 4, Aurora Australis 2011/2012 samples", True, "NASA/GCMD Earth Science Keywords", place, "CTD > Conductivity, Temperature, Depth"
ANARE_Whale_log, "Whale log - observations from ANARE voyages", True, "NASA/GCMD Earth Science Keywords", place, "VISUAL OBSERVATIONS"
Seabirds_AAT, "Distribution and abundance of breeding seabirds in the AAT", True, "NASA/GCMD Earth Science Keywords", place, "OCEAN > SOUTHERN OCEAN"
ASAC_2163, "The dispersal of benthic marine invertebrates by kelp rafts in the Southern Ocean", True, "NASA/GCMD Earth Science Keywords", place, "SHIPS"
AAS_3134_XRD, "Vulnerability of Antarctic marine benthos to increased temperatures and ocean acidification associated with climate change - x-ray diffractometry of sea urchin skeletons", True, "NASA/GCMD Earth Science Keywords", place, "GEOGRAPHIC REGION > POLAR"
royals_macca_1952, "Royal penguin Eudyptes schlegeli observations at North Head, Macquarie Island 1952/53", True, "NASA/GCMD Earth Science Keywords", place, "AMD/AU"
royals_macca_1952, "Royal penguin Eudyptes schlegeli observations at North Head, Macquarie Island 1952/53", True, "NASA/GCMD Earth Science Keywords", place, "OCEAN > SOUTHERN OCEAN > MACQUARIE ISLAND"
ASAC_40_AS0203R4, "Role of Antarctic marine protists in trophodynamics and global change and impact of UV-B on these organisms - Rotation 4 of the Astrolabe - 2002/2003 samples", True, "NASA/GCMD Earth Science Keywords", place, "EARTH SCIENCE > OCEANS > OCEAN CHEMISTRY > PIGMENTS > CHLOROPHYLL"
Seabirds_AAT, "Distribution and abundance of breeding seabirds in the AAT", True, "NASA/GCMD Earth Science Keywords", place, "CAMERAS"
AADC-00038, "Inshore Marine Fish of the Vestfold Hills Antarctica, 1983-1984", True, "NASA/GCMD Earth Science Keywords", place, "GEOGRAPHIC REGION > POLAR"
ASAC_40_AA1011VMS, "The role of Antarctic marine protists in trophodynamics and global change and the impact of UV-B on these organisms - Voyage VMS, Aurora Australis 2010/2011 samples", True, "NASA/GCMD Earth Science Keywords", place, "SHIPS"
Seawater-salinity-Casey03-04, "Salinity of marine waters around Casey station - Summer 2003/04", True, "NASA/GCMD Earth Science Keywords", place, "SALINOMETERS"
ASAC_40_AA0708V6, "The role of Antarctic marine protists in trophodynamics and global change and the impact of UV-B on these organisms - Voyage 6, Aurora Australis 2007/2008 samples", True, "NASA/GCMD Earth Science Keywords", place, "AMD/AU"
ASAC_40_AA1112V4, "The role of Antarctic marine protists in trophodynamics and global change and the impact of UV-B on these organisms - Voyage 4, Aurora Australis 2011/2012 samples", True, "NASA/GCMD Earth Science Keywords", place, "SHIPS"
AAS_4124_CEAMARC_FoodAvailabilityMertzGlacierTongue, "Environmental data layers for a 5 year period before and after the calving of the Mertz Glacier Tongue", True, "NASA/GCMD Earth Science Keywords", place, "CONTINENT > ANTARCTICA > Mertz Glacier Tongue"
ASAC_40_AA1112V4, "The role of Antarctic marine protists in trophodynamics and global change and the impact of UV-B on these organisms - Voyage 4, Aurora Australis 2011/2012 samples", True, "NASA/GCMD Earth Science Keywords", place, "FLUOROMETERS"
royals_macca_1952, "Royal penguin Eudyptes schlegeli observations at North Head, Macquarie Island 1952/53", True, "NASA/GCMD Earth Science Keywords", place, "COML > CENSUS OF MARINE LIFE"
royals_macca_1952, "Royal penguin Eudyptes schlegeli observations at North Head, Macquarie Island 1952/53", True, "NASA/GCMD Earth Science Keywords", place, "CEOS"
CEAMARC_Diatom_Abundance, "Diatom abundance from CEAMARC coretop samples", True, "NASA/GCMD Earth Science Keywords", place, "EARTH SCIENCE > OCEANS > MARINE SEDIMENTS > SEDIMENT COMPOSITION"
IWC_Whale_catch, "Whale catches in the Southern Ocean, 1931-1980", True, "NASA/GCMD Earth Science Keywords", place, "OCEAN > SOUTHERN OCEAN"
AAS_4124_CEAMARC_FoodAvailabilityMertzGlacierTongue, "Environmental data layers for a 5 year period before and after the calving of the Mertz Glacier Tongue", True, "NASA/GCMD Earth Science Keywords", place, "CONTINENT > ANTARCTICA > George V Shelf"
antarctic_biodiversity_db, "Antarctic Biodiversity Database", True, "NASA/GCMD Earth Science Keywords", place, "EARTH SCIENCE > BIOLOGICAL CLASSIFICATION > ANIMALS/INVERTEBRATES > ARTHROPODS"
Seawater-salinity-Casey03-04, "Salinity of marine waters around Casey station - Summer 2003/04", True, "NASA/GCMD Earth Science Keywords", place, "GEOGRAPHIC REGION > POLAR"
antarctic_biodiversity_db, "Antarctic Biodiversity Database", True, "NASA/GCMD Earth Science Keywords", place, "EARTH SCIENCE > BIOLOGICAL CLASSIFICATION > ANIMALS/INVERTEBRATES > ARTHROPODS > CRUSTACEANS"
ASAC_1250, "Krill flux, acoustic methodology and penguin foraging - an integrated study.", True, "NASA/GCMD Earth Science Keywords", place, "CEOS"
Tags_heard_1949, "Elephant Seal Sightings, Heard Island (1949 to 1960)", True, "NASA/GCMD Earth Science Keywords", place, "VISUAL OBSERVATIONS"
Windmill_Palaeoenvironment, "Windmill Islands lake and shallow marine sediment cores (ASAC1071; 1998/99 summer)", True, "NASA/GCMD Earth Science Keywords", place, "CONTINENT > ANTARCTICA > Windmill Islands"
ASAC_2396, "Limnological and nearshore diatom communities of Heard Island: proxies of subantarctic climate change?", True, "NASA/GCMD Earth Science Keywords", place, "EARTH SCIENCE > BIOLOGICAL CLASSIFICATION > PROTISTS > DIATOMS"
Orcas_observations_MI, "Orca observations on Macquarie Island", True, "NASA/GCMD Earth Science Keywords", place, "EARTH SCIENCE > BIOLOGICAL CLASSIFICATION > ANIMALS/VERTEBRATES > MAMMALS > CETACEANS > TOOTHED WHALES"
Tags_heard_1949, "Elephant Seal Sightings, Heard Island (1949 to 1960)", True, "NASA/GCMD Earth Science Keywords", place, "IPY > INTERNATIONAL POLAR YEAR"
ASAC_2163, "The dispersal of benthic marine invertebrates by kelp rafts in the Southern Ocean", True, "NASA/GCMD Earth Science Keywords", place, "VISUAL OBSERVATIONS"
ASAC_2163, "The dispersal of benthic marine invertebrates by kelp rafts in the Southern Ocean", True, "NASA/GCMD Earth Science Keywords", place, "EARTH SCIENCE > BIOLOGICAL CLASSIFICATION > ANIMALS/INVERTEBRATES"
ASAC_2396, "Limnological and nearshore diatom communities of Heard Island: proxies of subantarctic climate change?", True, "NASA/GCMD Earth Science Keywords", place, "FIELD SURVEYS"
AAS_4333_core_logs, "Visual logs of piston cores Sabrina Seafloor Survey (IN2017-V01)", True, "NASA/GCMD Earth Science Keywords", place, "CEOS"
Seabirds_AAT, "Distribution and abundance of breeding seabirds in the AAT", True, "NASA/GCMD Earth Science Keywords", place, "GEOGRAPHIC REGION > POLAR"
AAS_4124_CEAMARC_FoodAvailabilityMertzGlacierTongue, "Environmental data layers for a 5 year period before and after the calving of the Mertz Glacier Tongue", True, "NASA/GCMD Earth Science Keywords", place, "Environmental Modeling"
ASAC_40_AS0203R4, "Role of Antarctic marine protists in trophodynamics and global change and impact of UV-B on these organisms - Rotation 4 of the Astrolabe - 2002/2003 samples", True, "NASA/GCMD Earth Science Keywords", place, "R/V L'ASTRO > R/V L'ASTROLABE"
ASAC_2396, "Limnological and nearshore diatom communities of Heard Island: proxies of subantarctic climate change?", True, "NASA/GCMD Earth Science Keywords", place, "AMD/AU"
TAGS_Leopard_Seals, "Subset of data from the TAGS database of known age seals - Leopard Seals", True, "NASA/GCMD Earth Science Keywords", place, "FIELD SURVEYS"
AADC-00048, "Weddell Seals of the Vestfold Hills Antarctica", True, "NASA/GCMD Earth Science Keywords", place, "EARTH SCIENCE > BIOLOGICAL CLASSIFICATION > ANIMALS/VERTEBRATES > MAMMALS > CARNIVORES > SEALS/SEA LIONS/WALRUSES"
ASAC_40_AS0203R4, "Role of Antarctic marine protists in trophodynamics and global change and impact of UV-B on these organisms - Rotation 4 of the Astrolabe - 2002/2003 samples", True, "NASA/GCMD Earth Science Keywords", place, "AMD/AU"
TAGS_Leopard_Seals, "Subset of data from the TAGS database of known age seals - Leopard Seals", True, "NASA/GCMD Earth Science Keywords", place, "EARTH SCIENCE > BIOLOGICAL CLASSIFICATION > ANIMALS/VERTEBRATES > MAMMALS > CARNIVORES > SEALS/SEA LIONS/WALRUSES"
TAGS_Leopard_Seals, "Subset of data from the TAGS database of known age seals - Leopard Seals", True, "NASA/GCMD Earth Science Keywords", place, "AMD/AU"
ASAC_40_AA0708V6, "The role of Antarctic marine protists in trophodynamics and global change and the impact of UV-B on these organisms - Voyage 6, Aurora Australis 2007/2008 samples", True, "NASA/GCMD Earth Science Keywords", place, "CTD > Conductivity, Temperature, Depth"
ASAC_2364, "Response of antarctic marine diatoms to environment modification", True, "NASA/GCMD Earth Science Keywords", place, "AMD"
ASAC_40_AA1011VMS, "The role of Antarctic marine protists in trophodynamics and global change and the impact of UV-B on these organisms - Voyage VMS, Aurora Australis 2010/2011 samples", True, "NASA/GCMD Earth Science Keywords", place, "GEOGRAPHIC REGION > POLAR"
antarctic_biodiversity_db, "Antarctic Biodiversity Database", True, "NASA/GCMD Earth Science Keywords", place, "EARTH SCIENCE > BIOLOGICAL CLASSIFICATION > ANIMALS/INVERTEBRATES"
ASAC_2163, "The dispersal of benthic marine invertebrates by kelp rafts in the Southern Ocean", True, "NASA/GCMD Earth Science Keywords", place, "EARTH SCIENCE > OCEANS > OCEAN CIRCULATION > OCEAN CURRENTS"
ASAC_2364, "Response of antarctic marine diatoms to environment modification", True, "NASA/GCMD Earth Science Keywords", place, "EARTH SCIENCE > OCEANS > SALINITY/DENSITY > CONDUCTIVITY"
AAS_3134_XRD, "Vulnerability of Antarctic marine benthos to increased temperatures and ocean acidification associated with climate change - x-ray diffractometry of sea urchin skeletons", True, "NASA/GCMD Earth Science Keywords", place, "AMD/AU"
IWC_Whale_catch, "Whale catches in the Southern Ocean, 1931-1980", True, "NASA/GCMD Earth Science Keywords", place, "EBA > Evolution and Biodiversity in the Antarctic"
Orcas_observations_MI, "Orca observations on Macquarie Island", True, "NASA/GCMD Earth Science Keywords", place, "FIELD SURVEYS"
AAS_4124_CEAMARC_FoodAvailabilityMertzGlacierTongue, "Environmental data layers for a 5 year period before and after the calving of the Mertz Glacier Tongue", True, "NASA/GCMD Earth Science Keywords", place, "CONTINENT > ANTARCTICA > Dumont D'Urville"
AADC-00038, "Inshore Marine Fish of the Vestfold Hills Antarctica, 1983-1984", True, "NASA/GCMD Earth Science Keywords", place, "AMD/AU"
davis_water_salinity_density_1982, "Water Salinity and Density Results From Davis, 1982", True, "NASA/GCMD Earth Science Keywords", place, "EARTH SCIENCE > OCEANS > SALINITY/DENSITY > DENSITY"
IWC_Whale_catch, "Whale catches in the Southern Ocean, 1931-1980", True, "NASA/GCMD Earth Science Keywords", place, "GEOGRAPHIC REGION > POLAR"
ASAC_1250, "Krill flux, acoustic methodology and penguin foraging - an integrated study.", True, "NASA/GCMD Earth Science Keywords", place, "SHIPS"
ANARE_Whale_log, "Whale log - observations from ANARE voyages", True, "NASA/GCMD Earth Science Keywords", place, "AMD/AU"
ASAC_40_AA1011VMS, "The role of Antarctic marine protists in trophodynamics and global change and the impact of UV-B on these organisms - Voyage VMS, Aurora Australis 2010/2011 samples", True, "NASA/GCMD Earth Science Keywords", place, "EARTH SCIENCE > OCEANS > OCEAN CHEMISTRY > PIGMENTS > CHLOROPHYLL"
antarctic_biodiversity_db, "Antarctic Biodiversity Database", True, "NASA/GCMD Earth Science Keywords", place, "EARTH SCIENCE > BIOSPHERE > VEGETATION > VEGETATION SPECIES"
AAS_3134_XRD, "Vulnerability of Antarctic marine benthos to increased temperatures and ocean acidification associated with climate change - x-ray diffractometry of sea urchin skeletons", True, "NASA/GCMD Earth Science Keywords", place, "CEOS"
AADC-00038, "Inshore Marine Fish of the Vestfold Hills Antarctica, 1983-1984", True, "NASA/GCMD Earth Science Keywords", place, "COML > CENSUS OF MARINE LIFE"
IWC_Whale_catch, "Whale catches in the Southern Ocean, 1931-1980", True, "NASA/GCMD Earth Science Keywords", place, "CAML > CENSUS OF ANTARCTIC MARINE LIFE"
CEAMARC_Diatom_Absolute_Abundance, "Absolute abundance of diatoms from CEAMARC cores", True, "NASA/GCMD Earth Science Keywords", place, "OCEAN > SOUTHERN OCEAN > MERTZ GLACIER POLYNYA"
AADC-00038, "Inshore Marine Fish of the Vestfold Hills Antarctica, 1983-1984", True, "NASA/GCMD Earth Science Keywords", place, "CEOS"
REYNOLDS_MONTHLY_SST, "Reynolds-Smith V2 global monthly average sea surface temperatures", True, "NASA/GCMD Earth Science Keywords", place, "AMD"
ASAC_2163, "The dispersal of benthic marine invertebrates by kelp rafts in the Southern Ocean", True, "NASA/GCMD Earth Science Keywords", place, "EARTH SCIENCE > BIOSPHERE > ECOLOGICAL DYNAMICS > SPECIES/POPULATION INTERACTIONS > MIGRATORY RATES/ROUTES"
AADC-00048, "Weddell Seals of the Vestfold Hills Antarctica", True, "NASA/GCMD Earth Science Keywords", place, "OBIS > OCEAN BIOGEOGRAPHIC INFORMATION SYSTEM"
Seawater-salinity-Casey03-04, "Salinity of marine waters around Casey station - Summer 2003/04", True, "NASA/GCMD Earth Science Keywords", place, "EARTH SCIENCE > BIOSPHERE > ECOSYSTEMS > MARINE ECOSYSTEMS > COASTAL"
ASAC_2396, "Limnological and nearshore diatom communities of Heard Island: proxies of subantarctic climate change?", True, "NASA/GCMD Earth Science Keywords", place, "CONTINENT > AUSTRALIA/NEW ZEALAND > AUSTRALIA > Heard Island"
AAS_4333_core_logs, "Visual logs of piston cores Sabrina Seafloor Survey (IN2017-V01)", True, "NASA/GCMD Earth Science Keywords", place, "SHIPS"
Tags_heard_1949, "Elephant Seal Sightings, Heard Island (1949 to 1960)", True, "NASA/GCMD Earth Science Keywords", place, "FIELD SURVEYS"
antarctic_biodiversity_db, "Antarctic Biodiversity Database", True, "NASA/GCMD Earth Science Keywords", place, "EARTH SCIENCE > BIOLOGICAL CLASSIFICATION > ANIMALS/INVERTEBRATES > ARTHROPODS > CHELICERATES > ARACHNIDS"
Seawater-salinity-Casey03-04, "Salinity of marine waters around Casey station - Summer 2003/04", True, "NASA/GCMD Earth Science Keywords", place, "CEOS"
AADC-00048, "Weddell Seals of the Vestfold Hills Antarctica", True, "NASA/GCMD Earth Science Keywords", place, "ANTABIF"
Tags_heard_1949, "Elephant Seal Sightings, Heard Island (1949 to 1960)", True, "NASA/GCMD Earth Science Keywords", place, "EARTH SCIENCE > BIOLOGICAL CLASSIFICATION > ANIMALS/VERTEBRATES > MAMMALS > CARNIVORES > SEALS/SEA LIONS/WALRUSES"
Tags_heard_1949, "Elephant Seal Sightings, Heard Island (1949 to 1960)", True, "NASA/GCMD Earth Science Keywords", place, "AMD/AU"
ASAC_2364, "Response of antarctic marine diatoms to environment modification", True, "NASA/GCMD Earth Science Keywords", place, "OCEAN > SOUTHERN OCEAN"
antarctic_biodiversity_db, "Antarctic Biodiversity Database", True, "NASA/GCMD Earth Science Keywords", place, "EARTH SCIENCE > BIOLOGICAL CLASSIFICATION > ANIMALS/INVERTEBRATES > FLATWORMS/FLUKES/TAPEWORMS"
ANARE_Whale_log, "Whale log - observations from ANARE voyages", True, "NASA/GCMD Earth Science Keywords", place, "SCAR-MARBIN > SCAR Marine Biodiversity Information Network"
ASAC_40_AA1112V4, "The role of Antarctic marine protists in trophodynamics and global change and the impact of UV-B on these organisms - Voyage 4, Aurora Australis 2011/2012 samples", True, "NASA/GCMD Earth Science Keywords", place, "NISKIN BOTTLES"
Orcas_observations_MI, "Orca observations on Macquarie Island", True, "NASA/GCMD Earth Science Keywords", place, "OBIS > OCEAN BIOGEOGRAPHIC INFORMATION SYSTEM"
AADC-00048, "Weddell Seals of the Vestfold Hills Antarctica", True, "NASA/GCMD Earth Science Keywords", place, "AMD"
ASAC_413, "Ocean Drilling Program Participation", True, "NASA/GCMD Earth Science Keywords", place, "PHANEROZOIC > MESOZOIC > CRETACEOUS"
ASAC_2163, "The dispersal of benthic marine invertebrates by kelp rafts in the Southern Ocean", True, "NASA/GCMD Earth Science Keywords", place, "FIELD SURVEYS"
REYNOLDS_MONTHLY_SST, "Reynolds-Smith V2 global monthly average sea surface temperatures", True, "NASA/GCMD Earth Science Keywords", place, "OCEAN > INDIAN OCEAN"
CEAMARC_Diatom_Absolute_Abundance, "Absolute abundance of diatoms from CEAMARC cores", True, "NASA/GCMD Earth Science Keywords", place, "LIGHT MICROSCOPE"
ASAC_1250, "Krill flux, acoustic methodology and penguin foraging - an integrated study.", True, "NASA/GCMD Earth Science Keywords", place, "EARTH SCIENCE > BIOLOGICAL CLASSIFICATION > ANIMALS/INVERTEBRATES"
CEAMARC_Diatom_Absolute_Abundance, "Absolute abundance of diatoms from CEAMARC cores", True, "NASA/GCMD Earth Science Keywords", place, "EARTH SCIENCE > BIOLOGICAL CLASSIFICATION > PLANTS > MICROALGAE > DIATOMS"
ASAC_2163, "The dispersal of benthic marine invertebrates by kelp rafts in the Southern Ocean", True, "NASA/GCMD Earth Science Keywords", place, "AMD/AU"
CEAMARC_Diatom_Absolute_Abundance, "Absolute abundance of diatoms from CEAMARC cores", True, "NASA/GCMD Earth Science Keywords", place, "CAML > CENSUS OF ANTARCTIC MARINE LIFE"
AADC-00048, "Weddell Seals of the Vestfold Hills Antarctica", True, "NASA/GCMD Earth Science Keywords", place, "OBIS/AADC"
Seabirds_AAT, "Distribution and abundance of breeding seabirds in the AAT", True, "NASA/GCMD Earth Science Keywords", place, "COML > CENSUS OF MARINE LIFE"
ASAC_40_AA1011VMS, "The role of Antarctic marine protists in trophodynamics and global change and the impact of UV-B on these organisms - Voyage VMS, Aurora Australis 2010/2011 samples", True, "NASA/GCMD Earth Science Keywords", place, "AMD/AU"
REYNOLDS_MONTHLY_SST, "Reynolds-Smith V2 global monthly average sea surface temperatures", True, "NASA/GCMD Earth Science Keywords", place, "OCEAN > SOUTHERN OCEAN"
Seabirds_AAT, "Distribution and abundance of breeding seabirds in the AAT", True, "NASA/GCMD Earth Science Keywords", place, "CEOS"
ASAC_40_AA0708V6, "The role of Antarctic marine protists in trophodynamics and global change and the impact of UV-B on these organisms - Voyage 6, Aurora Australis 2007/2008 samples", True, "NASA/GCMD Earth Science Keywords", place, "EARTH SCIENCE > BIOLOGICAL CLASSIFICATION > PROTISTS"
AAS_3134_Sterechinus, "Vulnerability of Antarctic marine benthos to increased temperatures and ocean acidification associated with climate change", True, "NASA/GCMD Earth Science Keywords", place, "EARTH SCIENCE > ATMOSPHERE > ATMOSPHERIC CHEMISTRY > CARBON AND HYDROCARBON COMPOUNDS > CARBON DIOXIDE"
antarctic_biodiversity_db, "Antarctic Biodiversity Database", True, "NASA/GCMD Earth Science Keywords", place, "FIELD SURVEYS"
Tags_heard_1949, "Elephant Seal Sightings, Heard Island (1949 to 1960)", True, "NASA/GCMD Earth Science Keywords", place, "SCAR-MARBIN > SCAR Marine Biodiversity Information Network"
AADC-00038, "Inshore Marine Fish of the Vestfold Hills Antarctica, 1983-1984", True, "NASA/GCMD Earth Science Keywords", place, "SHIPS"
Windmill_Palaeoenvironment, "Windmill Islands lake and shallow marine sediment cores (ASAC1071; 1998/99 summer)", True, "NASA/GCMD Earth Science Keywords", place, "AMD/AU"
Tags_heard_1949, "Elephant Seal Sightings, Heard Island (1949 to 1960)", True, "NASA/GCMD Earth Science Keywords", place, "OBIS > OCEAN BIOGEOGRAPHIC INFORMATION SYSTEM"
antarctic_biodiversity_db, "Antarctic Biodiversity Database", True, "NASA/GCMD Earth Science Keywords", place, "AMD/AU"
AAS_3134_Sterechinus, "Vulnerability of Antarctic marine benthos to increased temperatures and ocean acidification associated with climate change", True, "NASA/GCMD Earth Science Keywords", place, "AMD"
Seabirds_AAT, "Distribution and abundance of breeding seabirds in the AAT", True, "NASA/GCMD Earth Science Keywords", place, "EARTH SCIENCE > BIOSPHERE > ECOLOGICAL DYNAMICS > COMMUNITY DYNAMICS > COMMUNITY STRUCTURE"
Seabirds_AAT, "Distribution and abundance of breeding seabirds in the AAT", True, "NASA/GCMD Earth Science Keywords", place, "AMD"
REYNOLDS_MONTHLY_SST, "Reynolds-Smith V2 global monthly average sea surface temperatures", True, "NASA/GCMD Earth Science Keywords", place, "OCEAN > PACIFIC OCEAN"
ASAC_40_AA1011VMS, "The role of Antarctic marine protists in trophodynamics and global change and the impact of UV-B on these organisms - Voyage VMS, Aurora Australis 2010/2011 samples", True, "NASA/GCMD Earth Science Keywords", place, "R/V AA > R/V Aurora Australis"
ASAC_413, "Ocean Drilling Program Participation", True, "NASA/GCMD Earth Science Keywords", place, "EARTH SCIENCE > BIOSPHERE > ECOSYSTEMS > AQUATIC ECOSYSTEMS > PLANKTON"
IWC_Whale_catch, "Whale catches in the Southern Ocean, 1931-1980", True, "NASA/GCMD Earth Science Keywords", place, "COML > CENSUS OF MARINE LIFE"
AAS_3134_Sterechinus, "Vulnerability of Antarctic marine benthos to increased temperatures and ocean acidification associated with climate change", True, "NASA/GCMD Earth Science Keywords", place, "LABORATORY"
ASAC_1250, "Krill flux, acoustic methodology and penguin foraging - an integrated study.", True, "NASA/GCMD Earth Science Keywords", place, "EARTH SCIENCE > OCEANS > SALINITY/DENSITY > SALINITY"
IWC_Whale_catch, "Whale catches in the Southern Ocean, 1931-1980", True, "NASA/GCMD Earth Science Keywords", place, "CEOS"
ASAC_2163, "The dispersal of benthic marine invertebrates by kelp rafts in the Southern Ocean", True, "NASA/GCMD Earth Science Keywords", place, "SCAR-MARBIN > SCAR Marine Biodiversity Information Network"
ASAC_2364, "Response of antarctic marine diatoms to environment modification", True, "NASA/GCMD Earth Science Keywords", place, "EARTH SCIENCE > OCEANS > OCEAN TEMPERATURE > WATER TEMPERATURE"
Windmill_Palaeoenvironment, "Windmill Islands lake and shallow marine sediment cores (ASAC1071; 1998/99 summer)", True, "NASA/GCMD Earth Science Keywords", place, "EARTH SCIENCE > PALEOCLIMATE > OCEAN/LAKE RECORDS > SEDIMENTS"
ASAC_413, "Ocean Drilling Program Participation", True, "NASA/GCMD Earth Science Keywords", place, "AMD"
ASAC_2364, "Response of antarctic marine diatoms to environment modification", True, "NASA/GCMD Earth Science Keywords", place, "GEOGRAPHIC REGION > POLAR"
ASAC_2364, "Response of antarctic marine diatoms to environment modification", True, "NASA/GCMD Earth Science Keywords", place, "EARTH SCIENCE > BIOLOGICAL CLASSIFICATION > PLANTS > MICROALGAE > DIATOMS"
Seabirds_AAT, "Distribution and abundance of breeding seabirds in the AAT", True, "NASA/GCMD Earth Science Keywords", place, "CONTINENT > ANTARCTICA"
ASAC_2364, "Response of antarctic marine diatoms to environment modification", True, "NASA/GCMD Earth Science Keywords", place, "EARTH SCIENCE > BIOSPHERE > ECOSYSTEMS > AQUATIC ECOSYSTEMS > PLANKTON > PHYTOPLANKTON"
CEAMARC_Diatom_Abundance, "Diatom abundance from CEAMARC coretop samples", True, "NASA/GCMD Earth Science Keywords", place, "OCEAN > SOUTHERN OCEAN > MERTZ GLACIER POLYNYA"
ASAC_40_AA0708V6, "The role of Antarctic marine protists in trophodynamics and global change and the impact of UV-B on these organisms - Voyage 6, Aurora Australis 2007/2008 samples", True, "NASA/GCMD Earth Science Keywords", place, "EARTH SCIENCE > BIOSPHERE > ECOSYSTEMS > AQUATIC ECOSYSTEMS > PLANKTON > PHYTOPLANKTON"
ASAC_2364, "Response of antarctic marine diatoms to environment modification", True, "NASA/GCMD Earth Science Keywords", place, "EARTH SCIENCE > BIOLOGICAL CLASSIFICATION > PLANTS > MICROALGAE"
antarctic_biodiversity_db, "Antarctic Biodiversity Database", True, "NASA/GCMD Earth Science Keywords", place, "OBIS > OCEAN BIOGEOGRAPHIC INFORMATION SYSTEM"
AADC-00038, "Inshore Marine Fish of the Vestfold Hills Antarctica, 1983-1984", True, "NASA/GCMD Earth Science Keywords", place, "EARTH SCIENCE > BIOLOGICAL CLASSIFICATION > ANIMALS/VERTEBRATES > FISH"
davis_water_salinity_density_1982, "Water Salinity and Density Results From Davis, 1982", True, "NASA/GCMD Earth Science Keywords", place, "AMD"
ASAC_40_AA1011VMS, "The role of Antarctic marine protists in trophodynamics and global change and the impact of UV-B on these organisms - Voyage VMS, Aurora Australis 2010/2011 samples", True, "NASA/GCMD Earth Science Keywords", place, "CTD > Conductivity, Temperature, Depth"
ASAC_40_AS0203R4, "Role of Antarctic marine protists in trophodynamics and global change and impact of UV-B on these organisms - Rotation 4 of the Astrolabe - 2002/2003 samples", True, "NASA/GCMD Earth Science Keywords", place, "EARTH SCIENCE > BIOLOGICAL CLASSIFICATION > PROTISTS"
Windmill_Palaeoenvironment, "Windmill Islands lake and shallow marine sediment cores (ASAC1071; 1998/99 summer)", True, "NASA/GCMD Earth Science Keywords", place, "CORING DEVICES"
AAS_3134_Sterechinus, "Vulnerability of Antarctic marine benthos to increased temperatures and ocean acidification associated with climate change", True, "NASA/GCMD Earth Science Keywords", place, "OCEAN > SOUTHERN OCEAN"
royals_macca_1952, "Royal penguin Eudyptes schlegeli observations at North Head, Macquarie Island 1952/53", True, "NASA/GCMD Earth Science Keywords", place, "FIELD SURVEYS"
REYNOLDS_MONTHLY_SST, "Reynolds-Smith V2 global monthly average sea surface temperatures", True, "NASA/GCMD Earth Science Keywords", place, "GEOGRAPHIC REGION > POLAR"
ANARE_Whale_log, "Whale log - observations from ANARE voyages", True, "NASA/GCMD Earth Science Keywords", place, "AMD/SCAR-MARBIN"
REYNOLDS_MONTHLY_SST, "Reynolds-Smith V2 global monthly average sea surface temperatures", True, "NASA/GCMD Earth Science Keywords", place, "ARCTIC"
ASAC_413, "Ocean Drilling Program Participation", True, "NASA/GCMD Earth Science Keywords", place, "SHIPS"
ASAC_40_AA1011VMS, "The role of Antarctic marine protists in trophodynamics and global change and the impact of UV-B on these organisms - Voyage VMS, Aurora Australis 2010/2011 samples", True, "NASA/GCMD Earth Science Keywords", place, "FLUOROMETERS"
ASAC_1250, "Krill flux, acoustic methodology and penguin foraging - an integrated study.", True, "NASA/GCMD Earth Science Keywords", place, "AMD/AU"
ASAC_413, "Ocean Drilling Program Participation", True, "NASA/GCMD Earth Science Keywords", place, "OCEAN > SOUTHERN OCEAN"
ANARE_Whale_log, "Whale log - observations from ANARE voyages", True, "NASA/GCMD Earth Science Keywords", place, "IPY > INTERNATIONAL POLAR YEAR"
CEAMARC_Diatom_Abundance, "Diatom abundance from CEAMARC coretop samples", True, "NASA/GCMD Earth Science Keywords", place, "EARTH SCIENCE > BIOLOGICAL CLASSIFICATION > PLANTS > MICROALGAE > DIATOMS"
AADC-00048, "Weddell Seals of the Vestfold Hills Antarctica", True, "NASA/GCMD Earth Science Keywords", place, "EBA > Evolution and Biodiversity in the Antarctic"
IWC_Whale_catch, "Whale catches in the Southern Ocean, 1931-1980", True, "NASA/GCMD Earth Science Keywords", place, "SHIPS"
AAS_4333_core_logs, "Visual logs of piston cores Sabrina Seafloor Survey (IN2017-V01)", True, "NASA/GCMD Earth Science Keywords", place, "PISTON SAMPLERS"
BANZARE_logs, "BANZARE ship logs and station lists", True, "NASA/GCMD Earth Science Keywords", place, "CAML > CENSUS OF ANTARCTIC MARINE LIFE"
CEAMARC_Diatom_Abundance, "Diatom abundance from CEAMARC coretop samples", True, "NASA/GCMD Earth Science Keywords", place, "CAML > CENSUS OF ANTARCTIC MARINE LIFE"
AADC-00048, "Weddell Seals of the Vestfold Hills Antarctica", True, "NASA/GCMD Earth Science Keywords", place, "GEOGRAPHIC REGION > POLAR"
CEAMARC_Diatom_Absolute_Abundance, "Absolute abundance of diatoms from CEAMARC cores", True, "NASA/GCMD Earth Science Keywords", place, "AMD"
ASAC_1250, "Krill flux, acoustic methodology and penguin foraging - an integrated study.", True, "NASA/GCMD Earth Science Keywords", place, "EARTH SCIENCE > OCEANS > OCEAN ACOUSTICS > ACOUSTIC FREQUENCY"
BANZARE_logs, "BANZARE ship logs and station lists", True, "NASA/GCMD Earth Science Keywords", place, "BANZARE > British, Australian and New Zealand Antarctic Research Expedition of 1929-31"
davis_water_salinity_density_1982, "Water Salinity and Density Results From Davis, 1982", True, "NASA/GCMD Earth Science Keywords", place, "ACE/CRC"
AADC-00048, "Weddell Seals of the Vestfold Hills Antarctica", True, "NASA/GCMD Earth Science Keywords", place, "CAML > CENSUS OF ANTARCTIC MARINE LIFE"
ASAC_413, "Ocean Drilling Program Participation", True, "NASA/GCMD Earth Science Keywords", place, "ODP > OCEAN DRILLING PROGRAM"
ASAC_413, "Ocean Drilling Program Participation", True, "NASA/GCMD Earth Science Keywords", place, "PHANEROZOIC > CENOZOIC > NEOGENE"
AAS_4333_core_logs, "Visual logs of piston cores Sabrina Seafloor Survey (IN2017-V01)", True, "NASA/GCMD Earth Science Keywords", place, "AMD/AU"
royals_macca_1952, "Royal penguin Eudyptes schlegeli observations at North Head, Macquarie Island 1952/53", True, "NASA/GCMD Earth Science Keywords", place, "OBIS > OCEAN BIOGEOGRAPHIC INFORMATION SYSTEM"
Seabirds_AAT, "Distribution and abundance of breeding seabirds in the AAT", True, "NASA/GCMD Earth Science Keywords", place, "VISUAL OBSERVATIONS"
REYNOLDS_MONTHLY_SST, "Reynolds-Smith V2 global monthly average sea surface temperatures", True, "NASA/GCMD Earth Science Keywords", place, "EARTH SCIENCE > OCEANS > OCEAN TEMPERATURE > SEA SURFACE TEMPERATURE"
Seawater-salinity-Casey03-04, "Salinity of marine waters around Casey station - Summer 2003/04", True, "NASA/GCMD Earth Science Keywords", place, "EARTH SCIENCE > OCEANS > SALINITY/DENSITY > SALINITY"
AAS_3134_Sterechinus, "Vulnerability of Antarctic marine benthos to increased temperatures and ocean acidification associated with climate change", True, "NASA/GCMD Earth Science Keywords", place, "EARTH SCIENCE > OCEANS > OCEAN TEMPERATURE > WATER TEMPERATURE"
CEAMARC_Diatom_Absolute_Abundance, "Absolute abundance of diatoms from CEAMARC cores", True, "NASA/GCMD Earth Science Keywords", place, "OCEAN > SOUTHERN OCEAN > GEORGE V COAST"
ASAC_2163, "The dispersal of benthic marine invertebrates by kelp rafts in the Southern Ocean", True, "NASA/GCMD Earth Science Keywords", place, "AMD/SCAR-MARBIN"
CEAMARC_Diatom_Absolute_Abundance, "Absolute abundance of diatoms from CEAMARC cores", True, "NASA/GCMD Earth Science Keywords", place, "OCEAN > SOUTHERN OCEAN > GEORGE V BASIN"
AAS_3134_Sterechinus, "Vulnerability of Antarctic marine benthos to increased temperatures and ocean acidification associated with climate change", True, "NASA/GCMD Earth Science Keywords", place, "GEOGRAPHIC REGION > POLAR"
AAS_4124_CEAMARC_FoodAvailabilityMertzGlacierTongue, "Environmental data layers for a 5 year period before and after the calving of the Mertz Glacier Tongue", True, "NASA/GCMD Earth Science Keywords", place, "EARTH SCIENCE > OCEANS > TIDES > TIDAL CURRENTS"
ASAC_2364, "Response of antarctic marine diatoms to environment modification", True, "NASA/GCMD Earth Science Keywords", place, "CEOS"
ASAC_2364, "Response of antarctic marine diatoms to environment modification", True, "NASA/GCMD Earth Science Keywords", place, "EARTH SCIENCE > BIOSPHERE > ECOSYSTEMS > AQUATIC ECOSYSTEMS > PLANKTON"
antarctic_biodiversity_db, "Antarctic Biodiversity Database", True, "NASA/GCMD Earth Science Keywords", place, "EARTH SCIENCE > BIOLOGICAL CLASSIFICATION > ANIMALS/INVERTEBRATES > MOLLUSKS"
IWC_Whale_catch, "Whale catches in the Southern Ocean, 1931-1980", True, "NASA/GCMD Earth Science Keywords", place, "VISUAL OBSERVATIONS"
ASAC_2163, "The dispersal of benthic marine invertebrates by kelp rafts in the Southern Ocean", True, "NASA/GCMD Earth Science Keywords", place, "IPY > INTERNATIONAL POLAR YEAR"
ASAC_1250, "Krill flux, acoustic methodology and penguin foraging - an integrated study.", True, "NASA/GCMD Earth Science Keywords", place, "CTD > Conductivity, Temperature, Depth"
ASAC_413, "Ocean Drilling Program Participation", True, "NASA/GCMD Earth Science Keywords", place, "GEOGRAPHIC REGION > POLAR"
ASAC_40_AA0708V6, "The role of Antarctic marine protists in trophodynamics and global change and the impact of UV-B on these organisms - Voyage 6, Aurora Australis 2007/2008 samples", True, "NASA/GCMD Earth Science Keywords", place, "AMD"
ASAC_40_AA1112V4, "The role of Antarctic marine protists in trophodynamics and global change and the impact of UV-B on these organisms - Voyage 4, Aurora Australis 2011/2012 samples", True, "NASA/GCMD Earth Science Keywords", place, "EARTH SCIENCE > BIOLOGICAL CLASSIFICATION > PROTISTS"
REYNOLDS_MONTHLY_SST, "Reynolds-Smith V2 global monthly average sea surface temperatures", True, "NASA/GCMD Earth Science Keywords", place, "CEOS"
antarctic_biodiversity_db, "Antarctic Biodiversity Database", True, "NASA/GCMD Earth Science Keywords", place, "EARTH SCIENCE > BIOLOGICAL CLASSIFICATION > ANIMALS/VERTEBRATES"
ASAC_2364, "Response of antarctic marine diatoms to environment modification", True, "NASA/GCMD Earth Science Keywords", place, "CONTINENT > ANTARCTICA"
Seawater-salinity-Casey03-04, "Salinity of marine waters around Casey station - Summer 2003/04", True, "NASA/GCMD Earth Science Keywords", place, "FIELD SURVEYS"
Seawater-salinity-Casey03-04, "Salinity of marine waters around Casey station - Summer 2003/04", True, "NASA/GCMD Earth Science Keywords", place, "AMD/AU"
davis_water_salinity_density_1982, "Water Salinity and Density Results From Davis, 1982", True, "NASA/GCMD Earth Science Keywords", place, "GEOGRAPHIC REGION > POLAR"
AADC-00038, "Inshore Marine Fish of the Vestfold Hills Antarctica, 1983-1984", True, "NASA/GCMD Earth Science Keywords", place, "TRAWL"
ANARE_Whale_log, "Whale log - observations from ANARE voyages", True, "NASA/GCMD Earth Science Keywords", place, "OBIS/SCAR-MARBIN"
REYNOLDS_MONTHLY_SST, "Reynolds-Smith V2 global monthly average sea surface temperatures", True, "NASA/GCMD Earth Science Keywords", place, "OCEAN > ATLANTIC OCEAN"
BANZARE_logs, "BANZARE ship logs and station lists", True, "NASA/GCMD Earth Science Keywords", place, "ANTABIF"
TAGS_Leopard_Seals, "Subset of data from the TAGS database of known age seals - Leopard Seals", True, "NASA/GCMD Earth Science Keywords", place, "OBIS > OCEAN BIOGEOGRAPHIC INFORMATION SYSTEM"
AADC-00048, "Weddell Seals of the Vestfold Hills Antarctica", True, "NASA/GCMD Earth Science Keywords", place, "COML > CENSUS OF MARINE LIFE"
Seabirds_AAT, "Distribution and abundance of breeding seabirds in the AAT", True, "NASA/GCMD Earth Science Keywords", place, "GROUND-BASED OBSERVATIONS"
BANZARE_logs, "BANZARE ship logs and station lists", True, "NASA/GCMD Earth Science Keywords", place, "AMD"
AADC-00048, "Weddell Seals of the Vestfold Hills Antarctica", True, "NASA/GCMD Earth Science Keywords", place, "CEOS"
ASAC_2364, "Response of antarctic marine diatoms to environment modification", True, "NASA/GCMD Earth Science Keywords", place, "SHIPS"
CEAMARC_Diatom_Abundance, "Diatom abundance from CEAMARC coretop samples", True, "NASA/GCMD Earth Science Keywords", place, "AMD"
ASAC_40_AA1112V4, "The role of Antarctic marine protists in trophodynamics and global change and the impact of UV-B on these organisms - Voyage 4, Aurora Australis 2011/2012 samples", True, "NASA/GCMD Earth Science Keywords", place, "EARTH SCIENCE > BIOSPHERE > ECOSYSTEMS > AQUATIC ECOSYSTEMS > PLANKTON > PHYTOPLANKTON"
ASAC_40_AA1011VMS, "The role of Antarctic marine protists in trophodynamics and global change and the impact of UV-B on these organisms - Voyage VMS, Aurora Australis 2010/2011 samples", True, "NASA/GCMD Earth Science Keywords", place, "NISKIN BOTTLES"
AADC-00038, "Inshore Marine Fish of the Vestfold Hills Antarctica, 1983-1984", True, "NASA/GCMD Earth Science Keywords", place, "OBIS > OCEAN BIOGEOGRAPHIC INFORMATION SYSTEM"
ASAC_40_AA0708V6, "The role of Antarctic marine protists in trophodynamics and global change and the impact of UV-B on these organisms - Voyage 6, Aurora Australis 2007/2008 samples", True, "NASA/GCMD Earth Science Keywords", place, "OCEAN > SOUTHERN OCEAN"
ANARE_Whale_log, "Whale log - observations from ANARE voyages", True, "NASA/GCMD Earth Science Keywords", place, "OBIS > OCEAN BIOGEOGRAPHIC INFORMATION SYSTEM"
ASAC_2396, "Limnological and nearshore diatom communities of Heard Island: proxies of subantarctic climate change?", True, "NASA/GCMD Earth Science Keywords", place, "AMD"
AAS_3134_Sterechinus, "Vulnerability of Antarctic marine benthos to increased temperatures and ocean acidification associated with climate change", True, "NASA/GCMD Earth Science Keywords", place, "FIELD INVESTIGATION"
ASAC_40_AS0203R4, "Role of Antarctic marine protists in trophodynamics and global change and impact of UV-B on these organisms - Rotation 4 of the Astrolabe - 2002/2003 samples", True, "NASA/GCMD Earth Science Keywords", place, "AMD"
CEAMARC_Diatom_Absolute_Abundance, "Absolute abundance of diatoms from CEAMARC cores", True, "NASA/GCMD Earth Science Keywords", place, "GEOGRAPHIC REGION > POLAR"
TAGS_Leopard_Seals, "Subset of data from the TAGS database of known age seals - Leopard Seals", True, "NASA/GCMD Earth Science Keywords", place, "AMD"
Seabirds_AAT, "Distribution and abundance of breeding seabirds in the AAT", True, "NASA/GCMD Earth Science Keywords", place, "AMD/AU"
Orcas_observations_MI, "Orca observations on Macquarie Island", True, "NASA/GCMD Earth Science Keywords", place, "COML > CENSUS OF MARINE LIFE"
BANZARE_logs, "BANZARE ship logs and station lists", True, "NASA/GCMD Earth Science Keywords", place, "CONTINENT > ANTARCTICA"
IWC_Whale_catch, "Whale catches in the Southern Ocean, 1931-1980", True, "NASA/GCMD Earth Science Keywords", place, "EARTH SCIENCE > OCEANS > AQUATIC SCIENCES > FISHERIES"
Seawater-salinity-Casey03-04, "Salinity of marine waters around Casey station - Summer 2003/04", True, "NASA/GCMD Earth Science Keywords", place, "CONTINENT > ANTARCTICA > Casey"
ANARE_Whale_log, "Whale log - observations from ANARE voyages", True, "NASA/GCMD Earth Science Keywords", place, "ANTABIF"
Seabirds_AAT, "Distribution and abundance of breeding seabirds in the AAT", True, "NASA/GCMD Earth Science Keywords", place, "EARTH SCIENCE > BIOSPHERE > ECOLOGICAL DYNAMICS > SPECIES/POPULATION INTERACTIONS > SPECIES LIFE HISTORY"
ASAC_2396, "Limnological and nearshore diatom communities of Heard Island: proxies of subantarctic climate change?", True, "NASA/GCMD Earth Science Keywords", place, "OCEAN > SOUTHERN OCEAN > Heard Island"
CEAMARC_Diatom_Abundance, "Diatom abundance from CEAMARC coretop samples", True, "NASA/GCMD Earth Science Keywords", place, "OCEAN > SOUTHERN OCEAN > GEORGE V COAST"
CEAMARC_Diatom_Abundance, "Diatom abundance from CEAMARC coretop samples", True, "NASA/GCMD Earth Science Keywords", place, "OCEAN > SOUTHERN OCEAN > GEORGE V BASIN"
AAS_3134_Sterechinus, "Vulnerability of Antarctic marine benthos to increased temperatures and ocean acidification associated with climate change", True, "NASA/GCMD Earth Science Keywords", place, "CEOS"
Windmill_Palaeoenvironment, "Windmill Islands lake and shallow marine sediment cores (ASAC1071; 1998/99 summer)", True, "NASA/GCMD Earth Science Keywords", place, "FIELD SURVEYS"
ASAC_413, "Ocean Drilling Program Participation", True, "NASA/GCMD Earth Science Keywords", place, "AMD/AU"
Orcas_observations_MI, "Orca observations on Macquarie Island", True, "NASA/GCMD Earth Science Keywords", place, "AMD"
AADC-00048, "Weddell Seals of the Vestfold Hills Antarctica", True, "NASA/GCMD Earth Science Keywords", place, "CONTINENT > ANTARCTICA"
ASAC_2396, "Limnological and nearshore diatom communities of Heard Island: proxies of subantarctic climate change?", True, "NASA/GCMD Earth Science Keywords", place, "SEDIMENT CORERS"
AAS_3134_XRD, "Vulnerability of Antarctic marine benthos to increased temperatures and ocean acidification associated with climate change - x-ray diffractometry of sea urchin skeletons", True, "NASA/GCMD Earth Science Keywords", place, "LABORATORY"
ANARE_Whale_log, "Whale log - observations from ANARE voyages", True, "NASA/GCMD Earth Science Keywords", place, "AMD"
ASAC_2163, "The dispersal of benthic marine invertebrates by kelp rafts in the Southern Ocean", True, "NASA/GCMD Earth Science Keywords", place, "OBIS/SCAR-MARBIN"
antarctic_biodiversity_db, "Antarctic Biodiversity Database", True, "NASA/GCMD Earth Science Keywords", place, "EARTH SCIENCE > BIOLOGICAL CLASSIFICATION > PLANTS > ANGIOSPERMS (FLOWERING PLANTS)"
IWC_Whale_catch, "Whale catches in the Southern Ocean, 1931-1980", True, "NASA/GCMD Earth Science Keywords", place, "AMD/AU"
AAS_3134_Sterechinus, "Vulnerability of Antarctic marine benthos to increased temperatures and ocean acidification associated with climate change", True, "NASA/GCMD Earth Science Keywords", place, "EARTH SCIENCE > BIOLOGICAL CLASSIFICATION > ANIMALS/INVERTEBRATES > MOLLUSKS > BIVALVES"
antarctic_biodiversity_db, "Antarctic Biodiversity Database", True, "NASA/GCMD Earth Science Keywords", place, "EARTH SCIENCE > BIOLOGICAL CLASSIFICATION > ANIMALS/INVERTEBRATES > SEGMENTED WORMS (ANNELIDS)"
BANZARE_logs, "BANZARE ship logs and station lists", True, "NASA/GCMD Earth Science Keywords", place, "OCEAN > SOUTHERN OCEAN"
AAS_3134_Sterechinus, "Vulnerability of Antarctic marine benthos to increased temperatures and ocean acidification associated with climate change", True, "NASA/GCMD Earth Science Keywords", place, "EARTH SCIENCE > BIOLOGICAL CLASSIFICATION > ANIMALS/INVERTEBRATES > ECHINODERMS"
Seawater-salinity-Casey03-04, "Salinity of marine waters around Casey station - Summer 2003/04", True, "NASA/GCMD Earth Science Keywords", place, "BEST > Biomonitoring of Environmental Status and Trends"
IWC_Whale_catch, "Whale catches in the Southern Ocean, 1931-1980", True, "NASA/GCMD Earth Science Keywords", place, "EARTH SCIENCE > BIOLOGICAL CLASSIFICATION > ANIMALS/VERTEBRATES > MAMMALS > CETACEANS > BALEEN WHALES"
ASAC_413, "Ocean Drilling Program Participation", True, "NASA/GCMD Earth Science Keywords", place, "CEOS"
ASAC_1250, "Krill flux, acoustic methodology and penguin foraging - an integrated study.", True, "NASA/GCMD Earth Science Keywords", place, "EARTH SCIENCE > OCEANS > SALINITY/DENSITY > DENSITY"
Orcas_observations_MI, "Orca observations on Macquarie Island", True, "NASA/GCMD Earth Science Keywords", place, "OBIS/AADC"
ASAC_2364, "Response of antarctic marine diatoms to environment modification", True, "NASA/GCMD Earth Science Keywords", place, "EARTH SCIENCE > OCEANS > BATHYMETRY/SEAFLOOR TOPOGRAPHY > WATER DEPTH"
antarctic_biodiversity_db, "Antarctic Biodiversity Database", True, "NASA/GCMD Earth Science Keywords", place, "EARTH SCIENCE > BIOLOGICAL CLASSIFICATION > ANIMALS/INVERTEBRATES > ROUNDWORMS"
davis_water_salinity_density_1982, "Water Salinity and Density Results From Davis, 1982", True, "NASA/GCMD Earth Science Keywords", place, "FIELD INVESTIGATION"
Tags_heard_1949, "Elephant Seal Sightings, Heard Island (1949 to 1960)", True, "NASA/GCMD Earth Science Keywords", place, "ANTABIF"
AAS_3134_XRD, "Vulnerability of Antarctic marine benthos to increased temperatures and ocean acidification associated with climate change - x-ray diffractometry of sea urchin skeletons", True, "NASA/GCMD Earth Science Keywords", place, "XRD > X-ray Diffractometer"
ASAC_1250, "Krill flux, acoustic methodology and penguin foraging - an integrated study.", True, "NASA/GCMD Earth Science Keywords", place, "EARTH SCIENCE > OCEANS > OCEAN TEMPERATURE > WATER TEMPERATURE"
IWC_Whale_catch, "Whale catches in the Southern Ocean, 1931-1980", True, "NASA/GCMD Earth Science Keywords", place, "EARTH SCIENCE > BIOSPHERE > ECOLOGICAL DYNAMICS > ECOSYSTEM FUNCTIONS > BIOMASS DYNAMICS"
ASAC_2163, "The dispersal of benthic marine invertebrates by kelp rafts in the Southern Ocean", True, "NASA/GCMD Earth Science Keywords", place, "OBIS > OCEAN BIOGEOGRAPHIC INFORMATION SYSTEM"
CEAMARC_Diatom_Absolute_Abundance, "Absolute abundance of diatoms from CEAMARC cores", True, "NASA/GCMD Earth Science Keywords", place, "EARTH SCIENCE > OCEANS > MARINE SEDIMENTS"
ASAC_40_AS0203R4, "Role of Antarctic marine protists in trophodynamics and global change and impact of UV-B on these organisms - Rotation 4 of the Astrolabe - 2002/2003 samples", True, "NASA/GCMD Earth Science Keywords", place, "OCEAN > SOUTHERN OCEAN"
TAGS_Leopard_Seals, "Subset of data from the TAGS database of known age seals - Leopard Seals", True, "NASA/GCMD Earth Science Keywords", place, "OCEAN > SOUTHERN OCEAN"
davis_water_salinity_density_1982, "Water Salinity and Density Results From Davis, 1982", True, "NASA/GCMD Earth Science Keywords", place, "EARTH SCIENCE > OCEANS > SALINITY/DENSITY"
Tags_heard_1949, "Elephant Seal Sightings, Heard Island (1949 to 1960)", True, "NASA/GCMD Earth Science Keywords", place, "EARTH SCIENCE > BIOSPHERE > ECOLOGICAL DYNAMICS > COMMUNITY DYNAMICS > COMMUNITY STRUCTURE"
AAS_3134_Sterechinus, "Vulnerability of Antarctic marine benthos to increased temperatures and ocean acidification associated with climate change", True, "NASA/GCMD Earth Science Keywords", place, "CONTINENT > ANTARCTICA"
ASAC_40_AA0708V6, "The role of Antarctic marine protists in trophodynamics and global change and the impact of UV-B on these organisms - Voyage 6, Aurora Australis 2007/2008 samples", True, "NASA/GCMD Earth Science Keywords", place, "GEOGRAPHIC REGION > POLAR"
Tags_heard_1949, "Elephant Seal Sightings, Heard Island (1949 to 1960)", True, "NASA/GCMD Earth Science Keywords", place, "AMD"
Windmill_Palaeoenvironment, "Windmill Islands lake and shallow marine sediment cores (ASAC1071; 1998/99 summer)", True, "NASA/GCMD Earth Science Keywords", place, "IGBP > International Geosphere-Biosphere Programme"
davis_water_salinity_density_1982, "Water Salinity and Density Results From Davis, 1982", True, "NASA/GCMD Earth Science Keywords", place, "CEOS"
IWC_Whale_catch, "Whale catches in the Southern Ocean, 1931-1980", True, "NASA/GCMD Earth Science Keywords", place, "SCAR-MARBIN > SCAR Marine Biodiversity Information Network"
ASAC_2364, "Response of antarctic marine diatoms to environment modification", True, "NASA/GCMD Earth Science Keywords", place, "EARTH SCIENCE > OCEANS > OCEAN CHEMISTRY > PIGMENTS > CHLOROPHYLL"
ASAC_2163, "The dispersal of benthic marine invertebrates by kelp rafts in the Southern Ocean", True, "NASA/GCMD Earth Science Keywords", place, "ANTABIF"
ASAC_1250, "Krill flux, acoustic methodology and penguin foraging - an integrated study.", True, "NASA/GCMD Earth Science Keywords", place, "ADCP > Acoustic Doppler Current Profiler"
Orcas_observations_MI, "Orca observations on Macquarie Island", True, "NASA/GCMD Earth Science Keywords", place, "OCEAN > SOUTHERN OCEAN"
ASAC_40_AA0708V6, "The role of Antarctic marine protists in trophodynamics and global change and the impact of UV-B on these organisms - Voyage 6, Aurora Australis 2007/2008 samples", True, "NASA/GCMD Earth Science Keywords", place, "EARTH SCIENCE > OCEANS > OCEAN CHEMISTRY > PIGMENTS > CHLOROPHYLL"
ANARE_Whale_log, "Whale log - observations from ANARE voyages", True, "NASA/GCMD Earth Science Keywords", place, "OCEAN > SOUTHERN OCEAN"
Tags_heard_1949, "Elephant Seal Sightings, Heard Island (1949 to 1960)", True, "NASA/GCMD Earth Science Keywords", place, "OBIS/AADC"
ASAC_2364, "Response of antarctic marine diatoms to environment modification", True, "NASA/GCMD Earth Science Keywords", place, "EARTH SCIENCE > OCEANS > SALINITY/DENSITY > SALINITY"
ASAC_2163, "The dispersal of benthic marine invertebrates by kelp rafts in the Southern Ocean", True, "NASA/GCMD Earth Science Keywords", place, "AMD"
CEAMARC_Diatom_Absolute_Abundance, "Absolute abundance of diatoms from CEAMARC cores", True, "NASA/GCMD Earth Science Keywords", place, "AMD/AU"
AAS_4333_core_logs, "Visual logs of piston cores Sabrina Seafloor Survey (IN2017-V01)", True, "NASA/GCMD Earth Science Keywords", place, "PHANEROZOIC > CENOZOIC > QUATERNARY > PLEISTOCENE"
BANZARE_logs, "BANZARE ship logs and station lists", True, "NASA/GCMD Earth Science Keywords", place, "VISUAL OBSERVATIONS"
AAS_4124_CEAMARC_FoodAvailabilityMertzGlacierTongue, "Environmental data layers for a 5 year period before and after the calving of the Mertz Glacier Tongue", True, "NASA/GCMD Earth Science Keywords", place, "EARTH SCIENCE > BIOSPHERE > ECOLOGICAL DYNAMICS > ECOSYSTEM FUNCTIONS > PRIMARY PRODUCTION"
ASAC_2396, "Limnological and nearshore diatom communities of Heard Island: proxies of subantarctic climate change?", True, "NASA/GCMD Earth Science Keywords", place, "OCEAN > SOUTHERN OCEAN > HEARD AND MCDONALD ISLANDS"
ASAC_40_AA1112V4, "The role of Antarctic marine protists in trophodynamics and global change and the impact of UV-B on these organisms - Voyage 4, Aurora Australis 2011/2012 samples", True, "NASA/GCMD Earth Science Keywords", place, "AMD"
BANZARE_logs, "BANZARE ship logs and station lists", True, "NASA/GCMD Earth Science Keywords", place, "EBA > Evolution and Biodiversity in the Antarctic"
ANARE_Whale_log, "Whale log - observations from ANARE voyages", True, "NASA/GCMD Earth Science Keywords", place, "EARTH SCIENCE > BIOLOGICAL CLASSIFICATION > ANIMALS/VERTEBRATES > MAMMALS > CETACEANS"
Seabirds_AAT, "Distribution and abundance of breeding seabirds in the AAT", True, "NASA/GCMD Earth Science Keywords", place, "EARTH SCIENCE > BIOSPHERE > ECOLOGICAL DYNAMICS > SPECIES/POPULATION INTERACTIONS > POPULATION DYNAMICS"
AAS_4124_CEAMARC_FoodAvailabilityMertzGlacierTongue, "Environmental data layers for a 5 year period before and after the calving of the Mertz Glacier Tongue", True, "NASA/GCMD Earth Science Keywords", place, "AMD"
ASAC_2163, "The dispersal of benthic marine invertebrates by kelp rafts in the Southern Ocean", True, "NASA/GCMD Earth Science Keywords", place, "OBIS/AADC"
AADC-00048, "Weddell Seals of the Vestfold Hills Antarctica", True, "NASA/GCMD Earth Science Keywords", place, "VISUAL OBSERVATIONS"
BANZARE_logs, "BANZARE ship logs and station lists", True, "NASA/GCMD Earth Science Keywords", place, "GEOGRAPHIC REGION > POLAR"
CEAMARC_Diatom_Absolute_Abundance, "Absolute abundance of diatoms from CEAMARC cores", True, "NASA/GCMD Earth Science Keywords", place, "CEOS"
CEAMARC_Diatom_Abundance, "Diatom abundance from CEAMARC coretop samples", True, "NASA/GCMD Earth Science Keywords", place, "GEOGRAPHIC REGION > POLAR"
antarctic_biodiversity_db, "Antarctic Biodiversity Database", True, "NASA/GCMD Earth Science Keywords", place, "AMD"
CEAMARC_Diatom_Absolute_Abundance, "Absolute abundance of diatoms from CEAMARC cores", True, "NASA/GCMD Earth Science Keywords", place, "R/V AA > R/V Aurora Australis"
davis_water_salinity_density_1982, "Water Salinity and Density Results From Davis, 1982", True, "NASA/GCMD Earth Science Keywords", place, "CONTINENT > ANTARCTICA"
Tags_heard_1949, "Elephant Seal Sightings, Heard Island (1949 to 1960)", True, "NASA/GCMD Earth Science Keywords", place, "OCEAN > SOUTHERN OCEAN"
ASAC_2364, "Response of antarctic marine diatoms to environment modification", True, "NASA/GCMD Earth Science Keywords", place, "EARTH SCIENCE > BIOLOGICAL CLASSIFICATION > PLANTS"
ASAC_2396, "Limnological and nearshore diatom communities of Heard Island: proxies of subantarctic climate change?", True, "NASA/GCMD Earth Science Keywords", place, "GEOGRAPHIC REGION > POLAR"
REYNOLDS_MONTHLY_SST, "Reynolds-Smith V2 global monthly average sea surface temperatures", True, "NASA/GCMD Earth Science Keywords", place, "OCEAN > ARCTIC OCEAN"
ASAC_40_AA1112V4, "The role of Antarctic marine protists in trophodynamics and global change and the impact of UV-B on these organisms - Voyage 4, Aurora Australis 2011/2012 samples", True, "NASA/GCMD Earth Science Keywords", place, "CONTINENT > ANTARCTICA"
ASAC_2364, "Response of antarctic marine diatoms to environment modification", True, "NASA/GCMD Earth Science Keywords", place, "EARTH SCIENCE > BIOLOGICAL CLASSIFICATION > PROTISTS > DIATOMS"
ASAC_40_AS0203R4, "Role of Antarctic marine protists in trophodynamics and global change and impact of UV-B on these organisms - Rotation 4 of the Astrolabe - 2002/2003 samples", True, "NASA/GCMD Earth Science Keywords", place, "GEOGRAPHIC REGION > POLAR"
ASAC_2396, "Limnological and nearshore diatom communities of Heard Island: proxies of subantarctic climate change?", True, "NASA/GCMD Earth Science Keywords", place, "EARTH SCIENCE > BIOLOGICAL CLASSIFICATION > PLANTS > MICROALGAE > DIATOMS"
TAGS_Leopard_Seals, "Subset of data from the TAGS database of known age seals - Leopard Seals", True, "NASA/GCMD Earth Science Keywords", place, "GEOGRAPHIC REGION > POLAR"
ASAC_1250, "Krill flux, acoustic methodology and penguin foraging - an integrated study.", True, "NASA/GCMD Earth Science Keywords", place, "TRAWL"
Orcas_observations_MI, "Orca observations on Macquarie Island", True, "NASA/GCMD Earth Science Keywords", place, "VISUAL OBSERVATIONS"
ASAC_40_AS0203R4, "Role of Antarctic marine protists in trophodynamics and global change and impact of UV-B on these organisms - Rotation 4 of the Astrolabe - 2002/2003 samples", True, "NASA/GCMD Earth Science Keywords", place, "EARTH SCIENCE > BIOSPHERE > ECOSYSTEMS > AQUATIC ECOSYSTEMS > PLANKTON > PHYTOPLANKTON"
antarctic_biodiversity_db, "Antarctic Biodiversity Database", True, "NASA/GCMD Earth Science Keywords", place, "CONTINENT > ANTARCTICA"
royals_macca_1952, "Royal penguin Eudyptes schlegeli observations at North Head, Macquarie Island 1952/53", True, "NASA/GCMD Earth Science Keywords", place, "FIELD INVESTIGATION"
ASAC_2163, "The dispersal of benthic marine invertebrates by kelp rafts in the Southern Ocean", True, "NASA/GCMD Earth Science Keywords", place, "OCEAN > SOUTHERN OCEAN"
Seabirds_AAT, "Distribution and abundance of breeding seabirds in the AAT", True, "NASA/GCMD Earth Science Keywords", place, "EARTH SCIENCE > BIOLOGICAL CLASSIFICATION > ANIMALS/VERTEBRATES > BIRDS"
ANARE_Whale_log, "Whale log - observations from ANARE voyages", True, "NASA/GCMD Earth Science Keywords", place, "EBA > Evolution and Biodiversity in the Antarctic"
ASAC_2364, "Response of antarctic marine diatoms to environment modification", True, "NASA/GCMD Earth Science Keywords", place, "AMD/AU"
AAS_3134_Sterechinus, "Vulnerability of Antarctic marine benthos to increased temperatures and ocean acidification associated with climate change", True, "NASA/GCMD Earth Science Keywords", place, "EARTH SCIENCE > BIOLOGICAL CLASSIFICATION > ANIMALS/INVERTEBRATES"
Orcas_observations_MI, "Orca observations on Macquarie Island", True, "NASA/GCMD Earth Science Keywords", place, "GEOGRAPHIC REGION > POLAR"
REYNOLDS_MONTHLY_SST, "Reynolds-Smith V2 global monthly average sea surface temperatures", True, "NASA/GCMD Earth Science Keywords", place, "SATELLITES"
ANARE_Whale_log, "Whale log - observations from ANARE voyages", True, "NASA/GCMD Earth Science Keywords", place, "GEOGRAPHIC REGION > POLAR"
ASAC_40_AA1011VMS, "The role of Antarctic marine protists in trophodynamics and global change and the impact of UV-B on these organisms - Voyage VMS, Aurora Australis 2010/2011 samples", True, "NASA/GCMD Earth Science Keywords", place, "OCEAN > SOUTHERN OCEAN"
ASAC_40_AA1112V4, "The role of Antarctic marine protists in trophodynamics and global change and the impact of UV-B on these organisms - Voyage 4, Aurora Australis 2011/2012 samples", True, "NASA/GCMD Earth Science Keywords", place, "OCEAN > SOUTHERN OCEAN"
AAS_4124_CEAMARC_FoodAvailabilityMertzGlacierTongue, "Environmental data layers for a 5 year period before and after the calving of the Mertz Glacier Tongue", True, "NASA/GCMD Earth Science Keywords", place, "OCEAN > SOUTHERN OCEAN"
ASAC_2364, "Response of antarctic marine diatoms to environment modification", True, "NASA/GCMD Earth Science Keywords", place, "EARTH SCIENCE > ATMOSPHERE > ATMOSPHERIC RADIATION > ULTRAVIOLET RADIATION"
CEAMARC_Diatom_Abundance, "Diatom abundance from CEAMARC coretop samples", True, "NASA/GCMD Earth Science Keywords", place, "EARTH SCIENCE > OCEANS > MARINE SEDIMENTS"
Seabirds_AAT, "Distribution and abundance of breeding seabirds in the AAT", True, "NASA/GCMD Earth Science Keywords", place, "EARTH SCIENCE > BIOSPHERE > ECOLOGICAL DYNAMICS > SPECIES/POPULATION INTERACTIONS > ENDANGERED SPECIES"
Tags_heard_1949, "Elephant Seal Sightings, Heard Island (1949 to 1960)", True, "NASA/GCMD Earth Science Keywords", place, "OCEAN > SOUTHERN OCEAN > HEARD AND MCDONALD ISLANDS"
ANARE_Whale_log, "Whale log - observations from ANARE voyages", True, "NASA/GCMD Earth Science Keywords", place, "CAML > CENSUS OF ANTARCTIC MARINE LIFE"
antarctic_biodiversity_db, "Antarctic Biodiversity Database", True, "NASA/GCMD Earth Science Keywords", place, "OCEAN > SOUTHERN OCEAN"
ASAC_40_AA0708V6, "The role of Antarctic marine protists in trophodynamics and global change and the impact of UV-B on these organisms - Voyage 6, Aurora Australis 2007/2008 samples", True, "NASA/GCMD Earth Science Keywords", place, "CEOS"
ASAC_1250, "Krill flux, acoustic methodology and penguin foraging - an integrated study.", True, "NASA/GCMD Earth Science Keywords", place, "Acoustic Sounders"
Seabirds_AAT, "Distribution and abundance of breeding seabirds in the AAT", True, "NASA/GCMD Earth Science Keywords", place, "EARTH SCIENCE > BIOLOGICAL CLASSIFICATION > ANIMALS/VERTEBRATES"
ASAC_40_AA0708V6, "The role of Antarctic marine protists in trophodynamics and global change and the impact of UV-B on these organisms - Voyage 6, Aurora Australis 2007/2008 samples", True, "NASA/GCMD Earth Science Keywords", place, "R/V AA > R/V Aurora Australis"
royals_macca_1952, "Royal penguin Eudyptes schlegeli observations at North Head, Macquarie Island 1952/53", True, "NASA/GCMD Earth Science Keywords", place, "AMD"
REYNOLDS_MONTHLY_SST, "Reynolds-Smith V2 global monthly average sea surface temperatures", True, "NASA/GCMD Earth Science Keywords", place, "AMD/AU"
ASAC_40_AA1011VMS, "The role of Antarctic marine protists in trophodynamics and global change and the impact of UV-B on these organisms - Voyage VMS, Aurora Australis 2010/2011 samples", True, "NASA/GCMD Earth Science Keywords", place, "EARTH SCIENCE > BIOLOGICAL CLASSIFICATION > PROTISTS"
Tags_heard_1949, "Elephant Seal Sightings, Heard Island (1949 to 1960)", True, "NASA/GCMD Earth Science Keywords", place, "EBA > Evolution and Biodiversity in the Antarctic"
ASAC_2396, "Limnological and nearshore diatom communities of Heard Island: proxies of subantarctic climate change?", True, "NASA/GCMD Earth Science Keywords", place, "EARTH SCIENCE > BIOLOGICAL CLASSIFICATION > PLANTS"
ASAC_1250, "Krill flux, acoustic methodology and penguin foraging - an integrated study.", True, "NASA/GCMD Earth Science Keywords", place, "AMD"
Tags_heard_1949, "Elephant Seal Sightings, Heard Island (1949 to 1960)", True, "NASA/GCMD Earth Science Keywords", place, "GEOGRAPHIC REGION > POLAR"
antarctic_biodiversity_db, "Antarctic Biodiversity Database", True, "NASA/GCMD Earth Science Keywords", place, "EARTH SCIENCE > BIOLOGICAL CLASSIFICATION > PLANTS > MOSSES/HORNWORTS/LIVERWORTS"
BANZARE_logs, "BANZARE ship logs and station lists", True, "NASA/GCMD Earth Science Keywords", place, "AMD/AU"
CEAMARC_Diatom_Abundance, "Diatom abundance from CEAMARC coretop samples", True, "NASA/GCMD Earth Science Keywords", place, "AMD/AU"
AAS_3134_Sterechinus, "Vulnerability of Antarctic marine benthos to increased temperatures and ocean acidification associated with climate change", True, "NASA/GCMD Earth Science Keywords", place, "EARTH SCIENCE > BIOSPHERE > ECOSYSTEMS > MARINE ECOSYSTEMS > BENTHIC"
Seabirds_AAT, "Distribution and abundance of breeding seabirds in the AAT", True, "NASA/GCMD Earth Science Keywords", place, "EARTH SCIENCE > BIOSPHERE > ECOLOGICAL DYNAMICS > SPECIES/POPULATION INTERACTIONS > RANGE CHANGES"
IWC_Whale_catch, "Whale catches in the Southern Ocean, 1931-1980", True, "NASA/GCMD Earth Science Keywords", place, "IPY > INTERNATIONAL POLAR YEAR"
AADC-00048, "Weddell Seals of the Vestfold Hills Antarctica", True, "NASA/GCMD Earth Science Keywords", place, "FIELD SURVEYS"
Tags_heard_1949, "Elephant Seal Sightings, Heard Island (1949 to 1960)", True, "NASA/GCMD Earth Science Keywords", place, "CAML > CENSUS OF ANTARCTIC MARINE LIFE"
ASAC_2163, "The dispersal of benthic marine invertebrates by kelp rafts in the Southern Ocean", True, "NASA/GCMD Earth Science Keywords", place, "EBA > Evolution and Biodiversity in the Antarctic"
BANZARE_logs, "BANZARE ship logs and station lists", True, "NASA/GCMD Earth Science Keywords", place, "COML > CENSUS OF MARINE LIFE"
ANARE_Whale_log, "Whale log - observations from ANARE voyages", True, "NASA/GCMD Earth Science Keywords", place, "EARTH SCIENCE > OCEANS > OCEAN TEMPERATURE > SEA SURFACE TEMPERATURE"
AADC-00048, "Weddell Seals of the Vestfold Hills Antarctica", True, "NASA/GCMD Earth Science Keywords", place, "AMD/AU"
antarctic_biodiversity_db, "Antarctic Biodiversity Database", True, "NASA/GCMD Earth Science Keywords", place, "OCEAN > SOUTHERN OCEAN > HEARD AND MCDONALD ISLANDS"
BANZARE_logs, "BANZARE ship logs and station lists", True, "NASA/GCMD Earth Science Keywords", place, "CEOS"
ASAC_2163, "The dispersal of benthic marine invertebrates by kelp rafts in the Southern Ocean", True, "NASA/GCMD Earth Science Keywords", place, "GEOGRAPHIC REGION > POLAR"
ANARE_Whale_log, "Whale log - observations from ANARE voyages", True, "NASA/GCMD Earth Science Keywords", place, "EARTH SCIENCE > CRYOSPHERE > SEA ICE > SEA ICE CONCENTRATION"
CEAMARC_Diatom_Abundance, "Diatom abundance from CEAMARC coretop samples", True, "NASA/GCMD Earth Science Keywords", place, "CEOS"
AAS_4124_CEAMARC_FoodAvailabilityMertzGlacierTongue, "Environmental data layers for a 5 year period before and after the calving of the Mertz Glacier Tongue", True, "NASA/GCMD Earth Science Keywords", place, "EARTH SCIENCE > BIOLOGICAL CLASSIFICATION > ANIMALS/INVERTEBRATES"
CEAMARC_Diatom_Abundance, "Diatom abundance from CEAMARC coretop samples", True, "NASA/GCMD Earth Science Keywords", place, "R/V AA > R/V Aurora Australis"
TAGS_Leopard_Seals, "Subset of data from the TAGS database of known age seals - Leopard Seals", True, "NASA/GCMD Earth Science Keywords", place, "OCEAN > SOUTHERN OCEAN > MACQUARIE ISLAND"
AAS_4124_CEAMARC_FoodAvailabilityMertzGlacierTongue, "Environmental data layers for a 5 year period before and after the calving of the Mertz Glacier Tongue", True, "NASA/GCMD Earth Science Keywords", place, "Computer > Computer"
AAS_4333_core_logs, "Visual logs of piston cores Sabrina Seafloor Survey (IN2017-V01)", True, "NASA/GCMD Earth Science Keywords", place, "AMD"
antarctic_biodiversity_db, "Antarctic Biodiversity Database", True, "NASA/GCMD Earth Science Keywords", place, "EARTH SCIENCE > BIOLOGICAL CLASSIFICATION > ANIMALS/INVERTEBRATES > ARTHROPODS > HEXAPODS > INSECTS"
antarctic_biodiversity_db, "Antarctic Biodiversity Database", True, "NASA/GCMD Earth Science Keywords", place, "VISUAL OBSERVATIONS"
Seabirds_AAT, "Distribution and abundance of breeding seabirds in the AAT", True, "NASA/GCMD Earth Science Keywords", place, "AERIAL PHOTOGRAPHS"
